sequence,label
ARDGTSLTVAGPLDY,0
ARVLYVCGGDCSFTFDY,0
AREMATIFGRMDV,1
VASSGYHLHRETWGY,1
ARFDSSGYNYVRGMVV,1
ARGRAGILTGYSYDY,1
AKDWGPRILYYFTSGSYSPLDY,1
ARDSTGYSKENAFDI,1
AKDTTHTDCSDGGCYWENFDC,1
GKYDSSGHHYVRRMHF,1
ARDSHTALGGMDV,1
VRFKGLEYRSWGAATEDPFDI,1
AKDEGRPSASLGIMYYFDY,1
AKDTTHTDCTDGGCYWENFDC,0
ARPSLSYRIYFDS,1
ARGAQAGYSSFFPPTTF,1
GKYDSSGHHYVRRMHF,1
GKYDSSGHHYVRRMHF,1
ARGLGGGISVFGVLVRGRWFDP,1
AKHGHMIFGVIIPNWFDP,1
ARGGDYSSRWKQEET,1
ARRRDELGDYGTIYFDH,1
TKGEGVYQPLLST,1
ARAGVAVLTFDNRGWRFFDP,1
ARVLPEGEFDY,1
AREITRGLDAYDI,0
ARGIVRLPANIPLANDY,1
ARDGGVPRRYSLDV,1
VRVGAYGDTYHDYYGMDV,0
ARYGGSYLDY,1
TRDLVGATTFFLYGMDV,1
ATQGI,1
ARDYGSGSSQTSGAFDF,1
ARGGGHYFLNWFDP,1
AKLSTYSNGNF,1
ARHIEYGPKSLVDY,1
ARDTYYSDRFYYYAMDV,1
VKEEKRFLDKLSIMA,1
ARDPRFQGLYDGSDYYWGHY,1
QVWDGSSEHHV,1
ARGSGAD,0
AKEGDVDIVVTITPPRYY,1
ARAGNTQWLRYPLDS,1
AKAAAPHIVVAGVFDY,1
ARAAKESLCIGGSCDSNYEHYGLDV,0
AKEMRRDIATAGYFDY,1
ARASKESLCIGGSCDSNYQHYGLDV,0
ARTENSGYDLVRV,0
AKDVVATNPPLSGYFDY,1
ARDHVQGEVSIYYYAMDV,1
ARDDDSNDYNQDRYYYYGMDV,0
ARDLGGRGALTGYWIDS,1
ARETPADRPYCGSGSCSFDS,1
ARIEGAANYYYMDV,1
ARGGFPAELPPPLDP,0
ARIADYGDHVPVFDY,1
TRDSFYDVDLSSFYMDV,1
ARVSREEWATVDDPHDYYYMDV,0
ARVSSEEWATVDDPHDYYYMDV,1
ARDIDHGDYRAADVFHI,0
ARVSREEWATVDDPHDYYYMDV,0
ARVSSEEWATVDDPHDYFYMDV,0
ARDFDYGDYRGSAFDI,0
ARDIDTGDYRGADVLQM,0
ARVSREEWATVDDPHDYYYMDV,0
ARVSREEWATVDDPHDYYYMDV,0
ARDFDYGDYRGSAFDI,0
ARDFDYGDYRGSAFDI,0
ARDIDSGDYRAADVFQI,0
ARHRVGTGPEVGDWFDP,1
YGSGAYQAH,0
ARDRRDLLTGSLGDY,1
ARDHDYGDYRGNAFDM,1
ARRGDYGDYRGDAFDI,1
AKDRVRDGDNDWDSVDATYWGYGVFDT,1
VRDNDYGDYRGNAFDI,1
ARDRVRDGDNYWDSVDATYWGYGAFDI,1
VRADGDSEGFGYHYGMDV,1
ARAARLYQQAYDI,1
ARDHDYGDYRGNAFDL,1
AKIFSWQQLDYYYYAMDV,1
ARDHDYGDYRGNAYDI,1
ARLFGELVGYQAFDV,1
ARRWFGELDYYGSDV,1
ARAVSTLVSVDYYFYYIDV,1
ARGVSALVSVDYYYYYMDV,1
ARDYDYGDYRGNAFDL,1
AKDRILPYDTDAFDI,1
AKDRVVGRPWEYSLDF,1
ASRHYNYDDDY,1
ARAGSYGDYRPINNWFDP,1
ARDPSNPPHWGNFDS,1
AKDLAVTPPAQGYLDR,1
AATFHDFEIGFRWFDP,1
ARQLTGMVYAILLPSYFDF,1
ARDCSGFEDMDSFYYFMDV,1
ASPAYNSGFALLH,1
ASPDLTMVFVPHTGPLDF,1
ARDSEGSGWYFDY,0
ARAGLGTVDLRWGGAFDH,0
VNGGRAFGVVIKYYYYGMDV,1
ARDRHDYGEDPFDI,0
ARSNGAGSYSES,0
ATSAGGIVNYFLLFDI,1
ATSAGGIVNYYLSFNI,1
ARPKYSSSSYSGFDV,0
AKHVTGYYLSGGEGGGGTLDV,1
AREPYNDGYFES,1
ARGRGGYATYYYYYYVDV,1
TRDFLEWSRPYYYHFMDV,1
ASSSGSYYGDYFDY,1
ARDGGWLRTLDS,1
ARKDAGSAYKSFDV,1
ARGPYYYGNSHLDF,1
ARGRTSGSQDRLPLLWGLSGFDI,1
VKAAKRSYYYYYYMDV,1
ARSATRSYYHYYYMDV,0
ARHILYNPAYSSGWTPGFDP,1
ARDFRERLGHRWEQAFDY,1
ARDFRERLGHRWEQAFDF,1
AREGAIDDPQAGYHYYNGIDV,1
AKDRGSGTYENWFNP,0
ARAAWSRIAVATGAFDI,1
ARHSAYGSSWVRGVVFDM,0
VTANGAGSYSVY,0
ARDDYPDYEVY,0
ARGVDYDILTRFSFGFDF,1
ARGYGSGKSHYYFDY,0
ARESSGYTQKNAYDY,0
AKGRYSMSRVVIILDYYYGMHV,0
AKERSLGGVWSSGWSNYYYYGMDV,0
TTDLDVVSWWEPPQGENY,0
AKSGRGLGYDSSGHYYYYAMDV,0
ARWFREALFGQDHDAFDI,0
ARWFREVLTADESDAFDI,0
AKDLRSQSPYASMDLLEGDGMDV,0
ARYRPCGGACYYFDY,0
TRTYGDYAPYYYAMDV,0
ARGRYYFDNTGYYPSFDS,0
AKGAYYYDNTGYFPYLDS,1
AKDDGLETYYPFYSYGMDV,0
AKGAYYSDNTGYYPYFDS,0
AKGRRGPFEDGWFDT,0
AKDSGYTINWAPGY,0
VRDHVELATDHSEFDY,0
TRLAYSSGWYWFDP,0
ARRRSCGGACYYFDY,0
ARLRSCGGDCYYFDY,0
AKDAGIYSGGWYYFHY,0
VRDFSDYAATPLDY,0
ARDTVGATKAFDY,0
TRIRWDCGGDCYWTHDF,1
AREAGGDYYLDS,0
ARSRGYSAFYYGMDV,1
ARDHHGDYFFDY,0
ARVRGHGLIGLDFGTIAAPHPFDY,1
ARDSFGDYFFDN,0
ARLLSGTFDS,1
ARELVAVGPIDYFHGMDV,0
ARALRYCSSNSCPESYYYYYGMDV,0
AKQGYYYDSTGSKWFDP,0
AKDRVVPTPLHGYLDS,1
AKDYSRTIPLAGFLDQ,0
TRDPLAAGGVLFDY,0
AKNIALFDSYLY,1
ARDLGDTTTSDY,1
ARMLYGDSVNCLDP,1
AKDRVVPTALHGYLDS,1
SRDQGGDYGDYGGGFDY,0
ARIPGYHDAFDI,1
AREPYFPLYFDY,0
ARESGDVATAMDYYYYYYLDV,0
AKEGHSDNCLDCDYFYYMDA,0
ARESGSDVATAMDYYYYYYLDV,0
AKDFADYSNSGHFDS,0
AKAVEPAAMDIVDYFEY,0
ARESGSDVATAMDYYYYYYMDV,0
AREDNDVEGYYGMDV,0
ARESGSDVATAMDYYYYYYMDV,0
ARFAYCSGDCYKASYYGLDV,0
ARPGVGPPSDY,1
AKDIRRGCSGVNCYSYYYYYYGLDV,1
AKDIRRGCDGVNCYSYYYYYYGLDA,0
ARIRRDGYNLGLFDH,1
ARDNRREAY,0
ARVQTIFGVARHYFDY,1
AKDWSQYYYHGSADNTRDY,1
TTRSDYYDTSDYSFFDR,0
ARALRYCSTNSCPESYYSYYGMDV,0
AKRSTYYLDRNGPNDAFDI,0
ARALRSCSSNSCPESYYYYYGMDV,0
ARAYDTTGYYNNWDIFDI,0
ARESWGDYYFEY,1
ARGVLGELTAIHFDY,0
ARAYGVLRYFDWQPSNYYFDF,0
ARNLAIAAAGSSRFDY,0
AGESGYSNGYEAH,1
ATGEYQLRSPLDI,1
ARGGGYHYSGSESYLTN,1
ARASPYGDYYAIEDV,0
ARASPYGDYYAIEDD,1
VKDHWTDN,0
AKGSAKFKSQQFLARSGYTQRSHFDF,0
AKDLTLRFFDWPNYYGMDV,0
GKSIENMVRGLLITSFAYYFAVDV,1
ARLWAGIVGPTPPFFDY,1
GKSIENMVRGLLITSFAYYFAMDV,1
AKDAISGQIWLQGTFDY,1
AAEDFGDYYFDY,0
ARHRPGGDYYYYGMDV,0
ARLLYGSVDF,0
SREYYDTLTGPEDYDYGMDV,1
AKEYAIRYADAFDF,0
AAGSGTYDYYGLDV,0
AAGSGSYNYHGLDV,0
AKGYGSGNHYPLAPTLDY,0
AKGYGSGNHYPLAPTLDY,0
AKGYGSGSSYPLAPTLDY,0
AKGYGSGNSYPLAPTLDY,0
AKGYGSGNSYPLAPTLDY,0
AKTTVTTDFYYYYGMDV,0
AKGYGSGNHYHLAPTLDY,0
AKGYGSGNYYPLAPTLDY,0
AKATVTTDFSYYYGMDV,0
AKGYGSGNHYPLAPTLDY,0
AGRSATVLADSDY,0
AGRSATVLADSDY,0
ARGNQEGVGELSSQGVFDN,0
ARDDFGDYVSDS,1
ARDGANNSGFD,1
AKEGGDFWSGYYANWFDP,1
ARRGYYYGSFDY,0
AIDYDQAMDY,0
ARFYGNYEDYYAMDY,0
ARLDSSGYDYAMDY,0
ARHEEEELTAYFDY,0
ARQEGNSGEYYFDY,0
ARSFITTVVANWYFDV,1
ARVYYYGSSNAMDY,0
ARDGSSYRAMDY,1
ARGTTKDY,0
ARHATSYAMDY,0
ARGGDYDDDAMDY,0
ARGDGYLYYYAMDY,0
ARHQANDYFDY,0
ARSSVVAHWYFDV,0
ARQITTVVDYFDY,0
ARRGTRRSYWYFDV,1
ARNDYGRHFDY,0
ARSGIYYDYEDYYAMDY,0
ARDYYGSSYVRNFDY,1
AIYGSSPYYAMDY,0
ARRVVAHDY,1
ARSGDGYYRYFDV,1
VRQGGLLSHYYAMDY,0
ARRSSGYVMRVMDY,0
ARGGAVVARGYYYAMDY,0
ARHEERGPYFDY,0
ARFYYYGSSSYFDY,0
AKSSNWAYFDY,0
ARPFDY,1
AREGGYYGGFDY,0
ARGLVYWYFDV,0
ARAGTDY,0
TGGLGDY,1
ARRDYDDAMDY,0
ARGLWDYAMDY,0
ARYYGGDFDY,0
ARGLWDYAMDY,0
ARGLWDYAMDY,1
TGYYDYDFDY,0
ARDSDGYPFDY,0
ARHGNWYFDV,0
ARRGFYFDY,1
ARSDGYYWYFDV,1
VRGNLLLRWYFDV,0
AREGSNPYFDY,0
ARHELGQYYFDY,0
ARGETGYYAMDY,1
ARGDGNYPYWYFDV,0
ARCPLYYYGSSPYAMDY,1
ARDGSGYFDV,0
ASGANWGFFDY,0
ARGTGLYYFDY,1
ARYGSSGYYWYFDV,1
ARDRDDYDYFDY,0
ARGYGSSPYYAMDY,0
ARPYGDY,1
ARPGGNYGYAMDY,0
ARLGTTVVENFDV,0
ARVHYGDYFDY,0
ARHYYYGSSYYAMDY,1
ARRNYDWYYFDY,0
ARRDYGNDY,0
ARGGSSSDY,0
AREDY,1
ARRGGSSYEGWYFDV,0
ARCPLYYYGSSPYAMDY,0
ARRAGYFDV,1
ARGGPYYYGSSYAMDY,0
ARGGSSYGYFDV,1
ARERDAYWYFDV,0
ANWDY,0
ARAPLTGTFDY,1
ARRGVTTVVATRAMDY,0
VSRTYAMDY,1
ARAYGSSFDY,0
ARDGYGNDWYFDV,0
ASLYSNYGYWYFDV,1
ARSYYYGSSPYWYFDV,0
ARGTEGFDY,0
ARREDLVKDFDY,0
ASFELGREGYFDV,0
ARRRDGGWYFDV,1
ARQNNYVAPFDY,0
ARNDYDVRYAMDY,0
ARDNWDQYYFDY,0
ARSYYGSHWYFDV,0
ARRGRTYYFDY,1
ARELGPGWYFDV,0
ARGLWGFDY,1
ARQRQLGRGDFDY,1
MRYGNYWYFDV,1
MRYGSSWYFDV,0
TREGGRTYYFDY,1
ARADY,1
ARHDYDWYFDV,0
ARHYYGSSYYFDY,0
ARNYDYFDY,0
ARHAPNWYFDY,0
MRYGSSYWYFDV,0
MRYSNYWYFDV,0
MRYGSYWYFDV,0
ASGYYAMDY,1
ARDGYYYFDY,0
ARHYYGSSYFDV,0
ARCPLYYYGSSPYAMDY,1
ARHDY,0
ARHGNYWYFDV,0
ARDLGHY,0
ARHYYGSSYVDY,0
ARDFDY,0
ARSLSYYYGSSYSLYYAMDY,1
ARHGYDYAMDY,1
ASLYYSNYYAMDY,0
ARERDAYWYFDV,0
ARHYYGSSYYFDY,1
ARDNYGSSYYFDY,0
VRHYYSNFDY,0
ATGYYFDY,0
ARYGNYFDV,1
ARHYYGSSYYFDY,0
ARYGSSYFDY,1
ARYYGNYYAMDY,0
ARYDYDYAMDY,0
ARDYYGSSYYFDY,0
ARIYYYGSSYYFDY,1
ARGDYDY,0
ARYNYSNYAMDY,1
AREETGTNYFDY,0
ARWITTVVATEYFDV,0
ARSEGYEGY,0
ARTDYYAMDY,0
ARGGRYAMDY,0
ASNFDY,0
ASTNYDYDRFAY,0
ARHYGSSLYAMDY,0
VRPKLGRGYFDV,1
ARPYYDGWYFDV,0
ARVYYDYDGYYAMDY,0
ARQLDAMDY,1
ARSYGSSYAMDY,0
ARDYGNYYAMDY,1
ARGNYAMDY,0
ARSTTVVDFDY,1
ARHHYDENWYFDV,0
ARDGNYAMDY,0
ARHFSYDGYYEGYFDV,0
ARGGTTVVAPRYFDV,0
AKHARWLLPYYYAMDY,1
VGGPYFDY,0
AYGNYYAMDY,0
ARDDGYFDY,0
ARYKRYFDY,1
ARGGYYPGWYFDV,0
VRGGDSYYSNYYVMDY,1
TTWDRNGAY,1
ARTDTTVGYAMDY,0
ASPYYYGSSWYFDV,0
ARGEWELGNFDY,1
ARGGDSYYSNYYAMDY,1
ARDPPLLPLDY,0
ARPSSGNYFDY,0
ARHSSGLDY,0
VREGDYDPYFDV,1
ARGYYGSSFDY,1
VRETIDYYGSREGYAMDY,1
ARHETGLDY,0
ARGYGSSYYFDY,1
ARRDYRMDY,1
TGGYDSAMDY,1
ARSYDGYPYYYAMDY,1
ARRGLRRPMDY,1
TWDHYGSSYG,1
ARRGLRRPMDY,1
ARRGLRRPMDY,1
ARAGGPYAMDY,0
ARRNWDWYFDV,0
ARVPFLLRYPLGNFDV,1
ARMASYGSSYPYWYFDV,1
ARHEDYGSSYPDY,1
YYFDY,0
ARGQDYYGSSYFDY,0
TRGGTWYFDV,0
AREGGLRLYYFDY,1
AKGGYSNYFDY,1
ARDPYYYGSRSYAMDY,0
ARWDY,1
ARGRAPWDY,1
ARRDYRMDY,1
TFYDGNTLDY,0
AREDQLNTY,1
TRGTGRMDY,1
AREGNYYGSSYANY,1
ATRLTGTNFDY,1
RRRDWDGFDY,0
TRGTGRIEY,1
ARIPHITTVVARYFDV,0
SRELIIGRAMDY,0
ARETVLRYFDY,0
ARDPHYSLMDY,1
TFYDGNAMDY,0
VRDPYYYGSRHGPMDY,0
AREKALLRTMDY,1
VRGAVLWYFDV,1
ARQDYGFWYFDV,1
ARYIRDYAMDY,0
ARAFDY,1
ARSYGDGNYEHAMDY,1
ARYIYYYGSSYFDV,1
ARGWDFDY,0
ANSFPYGSSYNWYFDV,0
ARHSSGLDY,1
VRSGYYGYLYAMDY,1
ARYRDVWWYFDV,1
AREEEYYGSRDY,1
ARDRIITRYFDV,1
ARWGYYDYDVYAMDY,1
ARWGLREYYAMDY,0
ARHSSGYFDY,0
ARVLTGNDY,1
ARSGTGY,0
ARHNSGLDY,0
ADYYGSLYYFDY,1
ARGGDWYFDV,0
MRHGTRGFDY,1
AKSRGFFDY,1
ARHSYFDV,1
SAIRHGYWYFDV,1
ARRGYGSSGAMDY,1
VREVSYSNFDY,0
ARDANYWYFDV,1
ARHGEIVTTVFPTGGWYFDV,1
ARPSYYSNWYFDV,1
ARYYSHYYAIDY,0
TVYYAYDGGYAMDY,1
TPGAMDY,1
ARQGYYGNSYYFDY,1
AHSGYFDV,1
ATNWYFDV,1
AREYYGSSYWYFDV,1
AREGNGYHVFDY,0
ARGGTGYWYFDV,0
ATQLGRGYFDY,0
ARRDYYFDY,0
AREGTKYGSSWYFDV,1
ARDKNYSKYFDY,0
ARRRNLYYAMDY,1
ARHSYYGSGYVFDY,0
ARRAVVVTDWYFDV,1
ARGGTEDY,0
TNLYYAMDY,0
ASLNWDRAMDY,1
TDNTGPYDY,0
ARLTGRVDY,1
TREPHYYGSRDYDMDY,0
TRRYGNWRPMDY,1
ARWSYYYGSRDY,1
TKSGWLLLAMDY,1
ARREFPLDY,0
ASRGLYYFGSGYDWYFDV,1
ARLTGRVDY,0
TGWVFDY,0
TREPHYYGSRDYDMDY,0
TDTTGPYDC,0
ARSQWGGDYFDY,0
ARSGSRLWYFDV,0
ARGLRDFDY,1
TGGAYDGYYWYFDV,0
ARRGLRRPMDY,1
TDLPSLDY,0
TREPHYYGNRDYDVDY,0
LP,1
ARERVIITVVGYFDV,0
GLGFDF,1
ARMGRYLDV,1
ARGGTGPYFDY,0
ARGGHYYGSSYAMDY,1
ARAFPFGY,1
ASPDSSGYDALDY,0
ARGYNYFDY,1
ARGAGREDY,1
ASPDSSGYDAMDY,0
ARALYYGSSYGEFDV,1
ARFTTYFSNYGYFDV,1
TRAFPFGY,1
ARESGIYYGNYDFDY,0
ARAFPFGC,1
ARGLNWFDY,1
ATRIPSHV,1
ARFRTYYSNYGYFDV,1
ARSPPISDGYFGPFDY,0
AKDSKFWYFDV,0
ARFRTYLSNYGYFDV,1
VRAFPFGY,0
ARRWGWYFDV,1
ARSPSGNSVGYFDY,1
ARRDDYGSNFYYAMDY,0
GRIAGYYGSTYYFDY,1
ARRLGRGEDFDY,1
ARDKYYGSLDY,0
ARGGGAFLGIFDY,1
KGDYGSSYWYFDV,1
ARGTLITTYFDF,0
ARAHRFYFAVDY,1
TGPSDY,0
ARDYPMDY,1
TRKTTVVGDYFDY,1
ARERYLTGDAMDY,0
VKGPVYYTMDY,1
ARDDGTWAMDY,1
ARRNSGRSGPYYFDF,1
TRRYGSTFDY,0
VRYSDGFPYALDN,0
TGGRYYVPFDY,0
TRAHRFYFAMDY,1
ARSLLPAAWYFDV,1
SRPEWLQNAMDY,0
ARSTYGPYYFDY,1
ARDTNYVSYAMDY,0
TRPYSNYLGAMYY,0
TGPLVGFDY,0
ARIAGFYYFDY,0
ARGGGSSYGYYAMDY,0
ARPIYDGYYGLFDY,0
ARPRYDYGDY,1
MVWLLRGYFDV,0
TGRVYYGQYYFDY,1
VREENWVLDY,1
ALGGYAMDF,0
ARGLWDYAMDY,1
ARVIYYGSSYNYAMDY,0
ARAFYYYAMDY,1
TKIYYDYLDY,0
AREMIVTTDWYFDV,1
TGLTGPY,1
TRRLYDYDVYYAMDY,0
AHYGHWYFDV,1
ARHSSGYVFDY,1
AKTALYYFDY,0
TRVENYAMDY,1
VRDADDGYYKGAMDY,1
ARANGYYYFDY,1
TDPPQDY,0
ARGGDSYYSNYYVMDY,0
TTWDRNGAY,1
ARPYYYGSSWYFDV,1
VRETIDYYGSREGYAMDY,0
ARHETGLDY,0
AREDYRMDY,0
TGDHYGSSYG,0
ARRGLRRPMDY,1
ARVPFLLRYPLGNFDV,1
AKGGYSNYFDY,1
ARGTGRIEY,1
ARDKYYGSLDY,1
ARGTLITTYFDF,0
ARKTTVVGDYFDY,0
ARRNSGRSGPYYFDF,0
ARYSDGFPYALDN,1
TGGRYYVPFDY,1
ARAHRFYFAMDY,1
ARSLLPAAWYFDV,0
ARPEWLQNAMDY,0
ARSTYGPYYFDY,0
ARGGGYWYFDV,1
ARSGSYAMDY,1
ARQNNYVAPFDY,0
ATVAYYVMDY,1
ARELGPGWYFDV,1
ARWLTGIFDY,1
ARKYGNLWYFDV,1
ARGVITTVVEKDYAMDY,1
ARHEDYDWYFDV,0
ARGGFYYFDY,0
ARAGSNYEGD,1
ARGGWLLDFDY,0
ARGNSPAMDY,0
ASLLTSD,0
ARYYYGSLDY,1
ARGWLLLDY,1
ALMVTTGYWYFDV,0
AREGLGRGYFDV,0
ARDNYYGLYYYAMDY,1
ARDGFHRDFDV,0
AREAYYSKFHYFDY,1
ARSGTPGWYFDV,1
ARHPYYDYGGRYFDV,1
ARVGIYYGNYFDY,1
ARAGVYYYAMDY,0
ARSSYWYFDV,1
TGIGYDWYFDV,0
ARHEDDYYFGSSLDY,0
ARRGWDYAMDY,0
VFNYYGSGYGY,1
ARGGTYYYSMDY,0
AAHSYGSSRGYFDV,1
ARGGQLRPLDY,1
ARRGGLRHFDY,1
ARDLNWDGYFDV,1
ARDSNLYFDY,1
VRGGRLYYFDY,0
ASSNYWYFDV,1
AKFPMDY,0
AYYGSSFDY,1
ARYDGSSPFDV,0
ARYSNYFDY,0
ARGTGNSYFDY,0
TELRRDY,0
ARSSRAIYYYGSTFDY,1
TGLGFDY,1
TRVATQYYFDY,1
ARVDGYYFDY,0
ARDGGVVDIWAMDY,0
ARHYGYFDY,0
TDLGLGY,0
ARDGDYGNLFDY,1
AREGIYYDYDLYYFDY,0
ARGLYAMDY,1
VRGATSYYYAMDY,1
ARGDYYFDY,0
ARGGNWDVVFDY,0
ARAYDYFDY,1
ARGRDGYYDY,0
ARGGNWDVVFDY,1
ARHGYDYAMDY,0
ARGYYGNFDY,1
TGRGFDY,1
AAPNWYAMDY,0
ARYYSNSFDY,1
ARGYFDV,1
ARHDGWLRYYFDY,1
ARGISNYDAMDY,0
ARFTTVVFDY,0
AIDYYGSSYWYFDV,1
ARYYSNSFDY,0
ASQTGSYAMDY,1
TTVVDFDY,0
ARGFITTDGLDY,1
VRESITDWYFDV,0
ARGGLGRDWYFDV,0
ADFDY,1
TGGTTVVAYWYFDV,1
VRDYYGSSYYAMDY,1
ARRITTFDY,1
ARGGSSYREDYYAMDY,0
ARDGELGLYFDY,0
ARGLTGAMDY,0
ARPPNWDDWYFDV,0
ARTEGYQGDFDY,0
ARRLTTLDY,0
TGPMDY,0
TGAYFHWYFDV,0
ASSNYWYFDV,0
ARRGTTVVADDDY,0
ARYDGYYFDY,0
ARFYDGYFDY,0
AKHRGNFDYAMDY,0
TGLPGTYYFDY,1
ARYSNYFDY,0
ARYSNYFDY,0
ARDGDWDGYFDV,0
ARIYYGPDY,0
ARSYDGHFDY,0
ARRDYYYGSSFDY,1
YYSNYGFDY,1
ARLDYDGAMDY,0
ARGVYYGSYFDY,0
ARYYDYFDY,1
VSRIYYGNYYAMDY,1
VRQGPNYFDY,1
ARYYGYYAMDY,1
ARDGDDYGHWYFDV,1
ARYYGYFDV,1
AKDLTGTTFDAFDI,0
TRDSYWTFDY,0
ARGLLWVGQGVIPYYFDR,1
ARSHGGDSGWFFDL,0
VTGPQFAFDS,0
ARGGYGSASFPGY,1
ATFFYNNYPRYG,0
ARTKRYNWKEGSLDS,0
VNDFGWLQFRD,1
ARDRHVLKTPKNYYDP,1
ARAPARGATVSANGWFDT,0
AKGDSSGWGGYYFDY,0
ARGPLITYYYVNSGYRDDY,0
ATTTFGVVLLYY,0
ARENEVYKSGWYYPLDY,0
TKGPYSSSSHWSDP,0
ARDHYLDH,0
AKSPYSGSNYNYFDS,0
ARTAKRVGGTDYWAHDY,0
ATDRPLDRYYFDSRGYFPFDS,0
ARASGGKYC,0
ARGDTNGFDYDACDL,1
VRDYDWAFDY,0
ASGGSNIRNWFDP,1
AKLLEENIQYYYYGMDV,0
GRHRQGAYEVFDY,0
AGGTGDDTSGYAWFEV,0
ARGGAIMVAPWVN,0
ARDPGRVGGAMDL,0
AREVYYDNYNWFDP,0
VREDCSSGCSYDAFDI,0
VTGLDSFKTGY,0
TKDTSFPPDHSGMDV,1
ARGPHSSDSSGYHRW,0
AKEKDNADVFDL,0
TNGPTTGAFQM,0
ARDHTFYSDSGDYYYPYDAFDV,0
ARAPLGVTPHQYGVDV,1
ARGLDQSKTGY,0
ARREVVIANWYFDL,0
VREDCSSGCSYDAFDI,0
ARDRRIAVAGPFDY,1
ARGTHSTSWITDY,0
ARAYDFFSMDV,1
ARGRQLCPTLNCYYALDV,1
ARSEMVGPTYFDL,1
ARAGPENGGYYAEFFDD,1
AKGRSSGYYFYYFDY,0
ARKRRTNWSNFDS,1
ARVGEDSSSWYYYYGMDV,0
ARGGYGSGSTLDY,0
ARGGYGSGSTLDY,0
ASDLTGSGDY,0
ARDNNWSFEN,0
VGPWDYDFGEFYGY,0
ARHEAPRYSYAFRRYYHYGLDV,1
VRDRRRFLEWSLYGMDV,1
ARGTLWFGESGLRLDH,1
ARNRRVAMPEAMILSFYMDV,1
ARVVPMFSIFGVVKANYFDY,1
ARVISGRITIFYYNYIDV,1
TRGFRGSPFSSGSLYFDS,1
ARDFPRFHRLVGNYDFWRGTLDRFSYMDL,1
AKSTPLVWPPANGLDV,1
ARDNRDQWLVLRSWFDP,1
ARAVITDLHTFGDYELEDPSYYYMDV,0
GNRGRRQIGDY,0
ARGGGYPRGNMDV,1
ARDTTTFTTFGGGPNMGGFDP,1
ARPYVQTVATTTFDF,1
ARPVVNTILPYCDV,1
ARRGHSFTSPFDS,1
ASRRRSAWSPFDS,1
ARDRMFWQQLAKYDS,0
VRGPLGDYD,1
ARGRDYNFWSGGGRYYFDF,1
ARSRGDYNFWSGYPEYHFDR,1
ARGDLLGYTDSWYEFDYYYMDV,1
ARGRLFVQWPPQGGFDT,1
ARERVLVVPDQDADYYYYFFDV,0
ARDSEDYVDYYYMDV,0
ARWVVTAAEEYFDY,0
ARHYDALDY,0
SARGHSFSLPFDS,1
VRGAINSSPSYFDS,1
ARRNWGNFDH,1
ARMALPSGPLDRSGYYFDD,1
ARPAQAGVGPRPFDY,1
AREKGQWLTVPPYYFDS,1
ARHKSVLLWFRELDY,1
ARTRCFGANCFNFMDV,0
TKTGGLLRFPEV,1
ARSGPGLLRGFDY,1
ARVPRTTATRNAFDI,1
ARDYTARGRHFFDY,1
ARGPDDFWSGYPKY,1
ARGEFDSSGFDYESWYPYYMDV,0
ATPEPSSIVAPLYY,1
VRDPQVEVRGNAFDI,1
ARDPQVNRRGNCFDH,1
ASGRREGLNFLLDY,1
ARAHHDFWRAPVDV,1
ARPQYNLGRDPLDV,1
ARRRGQRLLAYFDY,1
ATRSPGGGYAFDI,1
ARADYDLLTSSYHFDS,1
ARLDGEAFRYYLDL,1
ARDLRPMRGNWAMHV,1
ARTFITASWFDS,1
ARPHSPTNIPSRPLDY,1
AKEGGSLWFGGANWLDP,0
ARGYDNSGPDY,0
ARDQVGRYSFGFATGQQRVSAISD,1
ARERSTKYSFWSAVMRPDAFDL,1
ARGGSALITIFGVDPKFDP,1
ARRVKFPLWFGETTYYYYGMDV,1
TTKYPAYYDILTGYYRNYYFDY,1
ATLRATIAGFDY,1
AKDGKGKAYYDFWSGYRNQKYYGLDV,1
ARLRRGYFDSGGDH,1
ARELSGEYHFWSGTYRYGVDV,1
AREQKDYDFWNGLYKYGMDV,1
ARGQRNVLHFLERKNDAFDI,1
ARGTRYDFWSGFSNRDGRALAGYFDY,1
GRARPRSPWDSTGWSVGY,1
ARDFVSIYGVAYFTGGGPSSPDI,1
ARKRVTIFGVVDTPRGYFDY,1
ARDQLGRYSFGFVTGQNKVSAISD,1
ARGALWFGQLRGLDP,1
ARGPGSMVRGLIVTSYGMDV,1
ARRGRLNIPSPSAILTAFDV,1
ARGPKSVASLSYFDK,1
ARREIRFGELSFYFDY,1
ARDAFVSSAMDV,1
ARENYSDGWYEVGHFDL,0
ARDEGSWVEAADEWDEHLFREMAV,0
AKHLVVAVAAGPDYFSYGMDV,1
VTSRGYAYDSGGHYFPTWFDP,0
ASLDSSSGWEEVGYFDR,1
ASNYLIESRYDEKDYYYAMDV,0
ARQNIAARTAERLYENDYYFYGMDV,1
ARCYSGRSRYFFDS,1
AKDLARYGVTSIVPEFGFDF,1
ARDRWVRPQFPSMDFQYNGLDV,1
ARGFHFWSGYGTRPRNWYFDL,1
ARVAISYAGLIVVPGPFDV,1
AKVLTDLDQGNPRMDV,1
ARGRGSTFPSAQFSYFGLDV,1
AKGGGYAVVGPKYGLDV,1
ATQVRAPTLRFRHGGYFET,1
VRRDKYQYIDSSGDYPFDR,1
ARHIGAGGPYSEY,1
AGRTTLVNFGVFDL,1
ARDQGGYPVSPVGPKWFDP,1
TKDVRLVAVPGAD,0
AADRVGRRLGELSAGFDY,0
ARDVYRGFSGYEGKRSGMDV,0
ARSVITDLHTFGDYESGDPSYYYMDV,1
ARDWIGYDYDGSGSHLRDESFDI,0
VVRYKYLPGDQHMPWDY,1
ARHRANYDFWGGSNLRGYFDP,1
VRDRYEAAWFGADKVYGMDV,1
ARDQRDCSTNRCFGVFGYYMDV,1
ATRGIAAAGFYFQN,1
ASRYRTYYDILTGNAQSHDWGTFDI,0
ARLSVTEIPAAVFLDS,0
ARVALPYHDLLTGYPKYFYMDV,0
AGLSRPPDRWLGTQRAEYLQD,0
VRDSRMFDS,0
ARHWVTDCDGDCFTWLDP,0
ACSDYDYEWEYYRLAY,0
ANLGHEYRTNYRLFQY,0
MSYGDIYWAPPEDHDYYGMDV,0
MSYGDIYWSPPPPEEYDYVGVDV,0
VRGPDFYSGRPTPQGRTYDYFMDL,0
ARGDSGSSSPFDYIYMDV,0
ATDGRQIFGASNRSGMDV,0
ARDGEWQIMNYYYKGMDV,0
ATDVLNTGWXHEYYQQ,0
ARDECNGDCYSPHYYYYMDV,0
AKGPLGRFLDF,0
AANVVIPAARPLPRHFVA,0
AAILVIPGARPLPRHFDP,0
AKDGASTGKYYDFWGGTSRRGKYYMDV,0
ATGFIFGGVFFDY,0
AREVGRDSKHFGLMDV,0
VASSLGY,0
ARSRTTIFGVAQDNWFDP,0
AREQGSCSGGFCSSVEV,0
ATGVVGATGYDFFYMDV,0
ARGDSGSSSPFDYIYMDV,0
VRDPFVLVDDTTP,0
ARGGFGGNYYVRXXYFDL,0
ARAYLRYSNFVPKSAECDH,0
ARDLTPVAPWSHFPVRNNFDP,0
AAALISDDCATTICYLPFDS,0
ARGSRAWSPNSGPFHY,0
ARGSARTLHSDDSAEYYDQEPFDV,0
ARTSMLRESRWAVDV,0
ARELAWVNQAEGEYGDYLDAFDI,0
ARPMVAARGGDAFDV,0
ARARGVMTGARNTYFDL,0
AKDKTLGQQMVRKTGDALDV,0
AADRLGRRLGELTAGFDY,0
TTTDGLCWSPDCRGPFDY,0
VVRQKYEDMATAQLFDY,0
ARLGPFLLVGEFQYYFDS,0
ARDVGRILGAPAPIFGGFHSYYGLDV,0
ARRLTVRRGGIIERHYLMDV,0
ARVLGGLNWFDP,0
ATEKFRVGISKGGWFDH,0
ARIPRVTMIRNAFDT,0
ARDEGRSAGTPKRYLDH,0
ARSAYYRNWFDS,0
AKGVWEAPDGSSYYYYMAD,0
ARVRRGSSYPDY,0
ARGGSMIRGVPSPFYYGMDV,0
ARFGRTPWFDP,0
ARGDSGPTGFDY,0
AKDVIVGALLGAFDI,0
ARSIYSTGPAPVY,0
ATIKGPPRGNFGVAFNF,0
AKGTQSYSAVAPGWFDP,0
VRDVVERPGFGDFRYDYYGMDV,0
ARDRLSSFWSGGIDQ,0
ARAPYISSSHLDY,0
ASLEGTDY,0
AKAQFHNSGYYYSGLDY,0
ARREGSQGAFDI,0
ARGHSSSWTKFNWFGP,0
VKGLTVATLYDAFDV,0
ARRISSSSWYMVDNSHTLHFYYMDV,1
ARRAARRAFYYYYMDV,1
ARGATYYYDSSGHQSRRAFDI,1
ASQTTDEGRQWLVGFQH,0
ARLTKNPSQDFWGSYLYYFED,1
VRAGREGWFDP,0
ARQVSSYSSSGYRREFDY,0
ARSGVHYMDV,1
ARDHGIKPDNYYDISGYNLDYFDY,0
ARAGHCSSTSSVYCPFDM,0
ARXXVSVSPPYGNYGPDNNWFDF,1
ARDGDIALMVPSEHYYYMDV,1
ARLIPVSGAFDV,1
ARDGRYSGDDQYYYHYYYMDV,0
ARDLLPDYPVSSAPEDF,0
ARDNTISGVVPRWFDY,0
